<?xml version="1.0"?>
<ListOfTeams>
	<Team Name="1">
		<Leader Name="name" Surname="surname" Phone="number" Email="email" City="city" Organization="org" />
		<Car Name="1" ID="1">
			<Category RC="No" MO="Yes" RD="No" />
			<Competition FR="No" TA="No" />
		</Car>
		<Car Name="2" ID="2">
			<Category RC="No" MO="Yes" RD="Yes" />
			<Competition FR="No" TA="No" />
		</Car>
		<Car Name="3" ID="3">
			<Category RC="No" MO="Yes" RD="No" />
			<Competition FR="No" TA="Yes" />
		</Car>
	</Team>
	<Team Name="3">
		<Leader Name="name" Surname="surname" Phone="number" Email="email" City="city" Organization="org" />
		<Car Name="aut" ID="6">
			<Category RC="Yes" MO="Yes" RD="No" />
			<Competition FR="No" TA="No" />
		</Car>
	</Team>
	<Team Name="5">
		<Leader Name="name" Surname="surname" Phone="number" Email="email" City="city" Organization="org" />
		<Car Name="autka" ID="4">
			<Category RC="Yes" MO="No" RD="Yes" />
			<Competition FR="Yes" TA="Yes" />
		</Car>
		<Car Name="i kolejne" ID="5">
			<Category RC="Yes" MO="No" RD="Yes" />
			<Competition FR="No" TA="Yes" />
		</Car>
	</Team>
	<Team Name="Cwaniaki">
		<Leader Name="Skóra" Surname="Skórzecki" Phone="0700288322" Email="skóra@buziaczek.pl" City="Białyskok" Organization="Kononowicz" />
		<Member Name="Mateusz" Surname="Wasielewski" />
		<Car Name="Skórowóz" ID="7">
			<Category RC="No" MO="No" RD="Yes" />
			<Competition FR="Yes" TA="Yes" />
		</Car>
	</Team>
</ListOfTeams>
